{
    "test_pass": true,
    "sequence": [
        {
            "test_pass": true,
            "name": "LowOrderConsistency",
            "eps0": 1e-12,
            "epsa": 1e-06,
            "epsr": 0.001,
            "target_q1": 0.75,
            "target_q2": 0.96,
            "wa": 152,
            "wr": 4541,
            "m": 20100,
            "fr": 0.22592039800995026,
            "q1": 0.7740796019900498,
            "fa": 0.007562189054726368,
            "q2": 0.9706019900497512,
            "test_pass_q1": true,
            "test_pass_q2": true,
            "mean_abs_diff": 4.757167024960461e-08,
            "mean_rel_diff": 0.006449934000339314,
            "std_abs_diff": 5.901807345110083e-07,
            "std_rel_diff": 0.08332503214612384
        }
    ]
}