{
    "test_pass": true,
    "sequence": [
        {
            "test_pass": true,
            "name": "LowOrderConsistency",
            "eps0": 1e-12,
            "epsa": 1e-06,
            "epsr": 0.001,
            "target_q1": 0.75,
            "target_q2": 0.96,
            "wa": 159,
            "wr": 4939,
            "m": 20100,
            "fr": 0.24572139303482587,
            "q1": 0.7542786069651741,
            "fa": 0.00791044776119403,
            "q2": 0.9683084577114428,
            "test_pass_q1": true,
            "test_pass_q2": true,
            "mean_abs_diff": 5.62537213959906e-08,
            "mean_rel_diff": 0.006662691747606762,
            "std_abs_diff": 6.449789421154847e-07,
            "std_rel_diff": 0.08342213252239182
        }
    ]
}