{
    "test_pass": false,
    "sequence": [
        {
            "test_pass": false,
            "name": "LowOrderConsistency",
            "eps0": 1e-12,
            "epsa": 1e-06,
            "epsr": 0.001,
            "target_q1": 0.75,
            "target_q2": 0.96,
            "wa": 247,
            "wr": 5409,
            "m": 20100,
            "fr": 0.2691044776119403,
            "q1": 0.7308955223880598,
            "fa": 0.012288557213930348,
            "q2": 0.9620298507462687,
            "test_pass_q1": false,
            "test_pass_q2": true,
            "mean_abs_diff": 8.492282734991288e-08,
            "mean_rel_diff": 0.006931083800664412,
            "std_abs_diff": 1.1237498599331165e-06,
            "std_rel_diff": 0.08319008659833603
        }
    ]
}