{
    "test_pass": false,
    "sequence": [
        {
            "test_pass": false,
            "name": "LowOrderConsistency",
            "eps0": 1e-12,
            "epsa": 1e-06,
            "epsr": 0.001,
            "target_q1": 0.75,
            "target_q2": 0.96,
            "wa": 292,
            "wr": 5843,
            "m": 20100,
            "fr": 0.29069651741293534,
            "q1": 0.7093034825870647,
            "fa": 0.014527363184079602,
            "q2": 0.9578557213930349,
            "test_pass_q1": false,
            "test_pass_q2": false,
            "mean_abs_diff": 1.166021278962993e-07,
            "mean_rel_diff": 0.00731718878733347,
            "std_abs_diff": 1.823379962675338e-06,
            "std_rel_diff": 0.08344437189127198
        }
    ]
}